{"Loss": 0.13616271328738355, "RMSE": 0.12403266876935959, "RMSLE": 0.006380759179592133, "MAE": 0.09892401844263077}