{"RMSE": 0.011898582212054766, "RMSLE": 0.0048507141223819725, "MAE": 0.08554018283226168}