{"Loss": 0.10638564396796264, "RMSE": 0.10008938610553741, "RMSLE": 0.004126355051994324, "MAE": 0.07652418315410614}