{"Loss": 0.020748783606947877, "RMSE": 0.09937211871147156, "RMSLE": 0.004076194483786821, "MAE": 0.07819845527410507}