{"Loss": 0.10599426496920623, "RMSE": 0.1001393124461174, "RMSLE": 0.00417807511985302, "MAE": 0.07717278599739075}