{"Loss": 0.13396944950415393, "RMSE": 0.12259789556264877, "RMSLE": 0.006311467848718166, "MAE": 0.10053212940692902}