{"Loss": 0.10464769419957334, "RMSE": 0.10030287504196167, "RMSLE": 0.0041758352890610695, "MAE": 0.07868996262550354}