{"RMSE": 0.015107965351664695, "RMSLE": 0.0062312510869181785, "MAE": 0.09840208184204344}