{"Loss": 0.112188920378685, "RMSE": 0.10251277685165405, "RMSLE": 0.004366802982985973, "MAE": 0.07867011427879333}