{"Loss": 0.11390282084622722, "RMSE": 0.0998060554265976, "RMSLE": 0.0041053141467273235, "MAE": 0.07777050137519836}